Issue Type,Status,Affected Pages,Issue Grouping Identifier,URL,Referring URL,Redirect Location,Status Code,Page Speed,Title,Meta Description,Page Authority,URL Length,Title Pixel Length,Title Character Count
duplicate content,existing,2,1,https://www.lancyr.nl/prive/camperverzekering/,https://www.lancyr.nl/prive/,,200,0.49938488010000004,Camperverzekering - Lancyr,,23,46,250,26
duplicate content,existing,2,1,https://www.lancyr.nl/prive/caravanverzekering/,https://www.lancyr.nl/prive/,,200,0.5047068596000001,Caravanverzekering - Lancyr,,21,47,253,27
redirect chain,existing,3,2,http://lancyr.nl,,http://www.lancyr.nl/,301,0.5712099075,,,34,16,,
redirect chain,existing,3,2,http://www.lancyr.nl/,http://lancyr.nl,https://www.lancyr.nl/,301,0.1906871796,,,38,21,,
redirect chain,existing,3,2,https://www.lancyr.nl/,http://www.lancyr.nl/,,200,0.6759049892,Lancyr Verzekeringen voor prive en zzp - Lancyr,Lancyr is de verzekering sidekick voor ondernemende families en zzp-ers. Ons doel is om jou te versterken in je besluiten met onze verzekeringen en advies.,38,22,424,47
duplicate title tag,existing,2,3,https://www.lancyr.nl/zzp/services/,https://www.lancyr.nl/zzp/,,200,0.4821510315,Services - Lancyr,,21,35,151,17
duplicate title tag,existing,2,3,https://www.lancyr.nl/prive/services/,https://www.lancyr.nl/prive/,,200,0.4891960621,Services - Lancyr,,21,37,151,17
missing h1,existing,1,,https://www.lancyr.nl/schade-melden/,https://www.lancyr.nl/,,200,0.5196819305,Schade melden - Lancyr,Heb je schade? Lancyr help je snel weer op weg. Telefonisch of online. Meld hier je schade.,30,36,213,22
missing description,existing,1,,https://verzekeringen.lancyr.nl/,https://www.lancyr.nl/zzp/zakelijke-autoverzekering/,,200,0.3469221592,Online verzekeren met Lancyr - Verzekeren bij Lancyr,,29,32,474,52
missing description,existing,1,,https://www.lancyr.nl/blog/schade-aan-smartphone-laptop-verzekerd/,https://www.lancyr.nl/blog/,,200,0.46832585330000004,"Schade aan tablet, smartphone of laptop, is dat verzekerd? - Lancyr",,29,66,617,67
missing description,existing,1,,https://www.lancyr.nl/blog/schade-aan-tuin-diefstal/,https://www.lancyr.nl/blog/,,200,0.5076239109,Schade en diefstal in de tuin - Lancyr,,29,52,327,38
missing description,existing,1,,https://www.lancyr.nl/blog/wat-verzekerd-bij-schade-om-huis/,https://www.lancyr.nl/blog/,,200,0.4887008667,Wat is verzekerd bij schade om huis? - Lancyr,,29,60,404,45
missing h1,existing,1,,https://www.lancyr.nl/blog/schade-aan-smartphone-laptop-verzekerd/,https://www.lancyr.nl/blog/,,200,0.46832585330000004,"Schade aan tablet, smartphone of laptop, is dat verzekerd? - Lancyr",,29,66,617,67
missing h1,existing,1,,https://www.lancyr.nl/blog/schade-aan-tuin-diefstal/,https://www.lancyr.nl/blog/,,200,0.5076239109,Schade en diefstal in de tuin - Lancyr,,29,52,327,38
missing h1,existing,1,,https://www.lancyr.nl/blog/wat-verzekerd-bij-schade-om-huis/,https://www.lancyr.nl/blog/,,200,0.4887008667,Wat is verzekerd bij schade om huis? - Lancyr,,29,60,404,45
title too long,existing,1,,https://www.lancyr.nl/blog/schade-aan-smartphone-laptop-verzekerd/,https://www.lancyr.nl/blog/,,200,0.46832585330000004,"Schade aan tablet, smartphone of laptop, is dat verzekerd? - Lancyr",,29,66,617,67
missing description,existing,1,,https://verzekeringen.lancyr.nl/aansprakelijkheid-voor-particulieren/,https://verzekeringen.lancyr.nl/,,200,0.33230686190000003,aansprakelijkheid-voor-particulieren - Verzekeren bij Lancyr,,29,69,527,60
missing h1,existing,1,,https://verzekeringen.lancyr.nl/aansprakelijkheid-voor-particulieren/,https://verzekeringen.lancyr.nl/,,200,0.33230686190000003,aansprakelijkheid-voor-particulieren - Verzekeren bij Lancyr,,29,69,527,60
missing description,existing,1,,https://www.lancyr.nl/blog/schade-door-bezoek-verzekerd/,https://www.lancyr.nl/blog/,,200,0.6991679668,Schade door bezoek verzekerd - Lancyr,,28,56,348,37
missing description,existing,1,,https://www.lancyr.nl/blog/schade-door-huisdieren/,https://www.lancyr.nl/blog/,,200,0.4814550877,Schade door huisdieren - Lancyr,,28,50,284,31
missing description,existing,1,,https://www.lancyr.nl/blog/total-loss-welke-waarde-krijg-je/,https://www.lancyr.nl/blog/,,200,0.4827141762,Total loss: wat betekent het en welke waarde krijg je? - Lancyr,,28,60,551,63
missing description,existing,1,,https://www.lancyr.nl/prive/autoverzekering/all-risk-dekking/,https://www.lancyr.nl/prive/autoverzekering/,,200,0.49587011340000003,All Risk dekking - Lancyr,,28,61,214,25
missing description,existing,1,,https://www.lancyr.nl/prive/autoverzekering/beperkt-casco-dekking/,https://www.lancyr.nl/prive/autoverzekering/,,200,0.49749207500000003,Beperkt Casco dekking - Lancyr,,28,66,278,30
missing description,existing,1,,https://www.lancyr.nl/prive/autoverzekering/schadeverzekering-voor-inzittenden/,https://www.lancyr.nl/prive/autoverzekering/,,200,0.5024328232,Schadeverzekering inzittenden - Lancyr,,28,79,350,38
missing description,existing,1,,https://www.lancyr.nl/prive/autoverzekering/wa-dekking/,https://www.lancyr.nl/prive/autoverzekering/,,200,0.5486598015,WA dekking - Lancyr,,28,55,180,19
missing h1,existing,1,,https://www.lancyr.nl/blog/schade-door-bezoek-verzekerd/,https://www.lancyr.nl/blog/,,200,0.6991679668,Schade door bezoek verzekerd - Lancyr,,28,56,348,37
missing h1,existing,1,,https://www.lancyr.nl/blog/schade-door-huisdieren/,https://www.lancyr.nl/blog/,,200,0.4814550877,Schade door huisdieren - Lancyr,,28,50,284,31
missing h1,existing,1,,https://www.lancyr.nl/blog/total-loss-welke-waarde-krijg-je/,https://www.lancyr.nl/blog/,,200,0.4827141762,Total loss: wat betekent het en welke waarde krijg je? - Lancyr,,28,60,551,63
missing h1,existing,1,,https://www.lancyr.nl/prive/autoverzekering/all-risk-dekking/,https://www.lancyr.nl/prive/autoverzekering/,,200,0.49587011340000003,All Risk dekking - Lancyr,,28,61,214,25
missing h1,existing,1,,https://www.lancyr.nl/prive/autoverzekering/beperkt-casco-dekking/,https://www.lancyr.nl/prive/autoverzekering/,,200,0.49749207500000003,Beperkt Casco dekking - Lancyr,,28,66,278,30
missing h1,existing,1,,https://www.lancyr.nl/prive/autoverzekering/schadeverzekering-voor-inzittenden/,https://www.lancyr.nl/prive/autoverzekering/,,200,0.5024328232,Schadeverzekering inzittenden - Lancyr,,28,79,350,38
missing h1,existing,1,,https://www.lancyr.nl/prive/autoverzekering/wa-dekking/,https://www.lancyr.nl/prive/autoverzekering/,,200,0.5486598015,WA dekking - Lancyr,,28,55,180,19
missing description,existing,1,,https://www.lancyr.nl/faq-categorie/wijzigen/,https://www.lancyr.nl/storing/,,200,0.5000169277000001,Wijzigen Archieven - Lancyr,,28,45,245,27
missing description,existing,1,,https://www.lancyr.nl/faq/waarom-eerste-premie-hoger/,https://www.lancyr.nl/klantenservice/premie-faq/,,200,0.4936258793,Waarom is mijn premie-afschrijving hoger dan normaal? - Lancyr,,28,53,574,62
missing h1,existing,1,,https://www.lancyr.nl/faq/waarom-eerste-premie-hoger/,https://www.lancyr.nl/klantenservice/premie-faq/,,200,0.4936258793,Waarom is mijn premie-afschrijving hoger dan normaal? - Lancyr,,28,53,574,62
missing h1,existing,1,,https://www.lancyr.nl/prive/services/verhaalservice/,https://www.lancyr.nl/prive/verhaalservice/,,200,0.4889008999,Verhaalservice - Lancyr,"Een ongeval met je auto is vervelend, zeker als je geen dekking hebt op je eigen polis. In zulke gevallen kan onze Verhaalservice een oplossing zijn. Met deze service helpen we je om de schade te verhalen op de aansprakelijke tegenpartij, ook als jouw verzekering dit niet vergoedt.",28,52,208,23
missing h1,existing,1,,https://www.lancyr.nl/klantenservice/,https://www.lancyr.nl/,,200,0.5401809216,Klantenservice - Lancyr,Ben je klant bij Lancyr en heb je een vraag over je verzekering? Op deze pagina helpen we je graag met het juiste antwoord.,27,37,208,23
missing description,existing,1,,https://www.lancyr.nl/blog/laptop-mee-vakantie/,https://www.lancyr.nl/blog/,,200,0.48668694500000004,"Laptop mee op vakantie, is dat verzekerd? - Lancyr",,27,47,460,50
missing h1,existing,1,,https://www.lancyr.nl/blog/laptop-mee-vakantie/,https://www.lancyr.nl/blog/,,200,0.48668694500000004,"Laptop mee op vakantie, is dat verzekerd? - Lancyr",,27,47,460,50
description too short,existing,1,,https://verzekeringspakket.lancyr.nl/,https://www.lancyr.nl/prive/woonverzekering/,,200,0.4674150944,A t/m Z verzekeringspakket - Structureel goed verzekerd,Structureel goed verzekerd,26,37,504,55
missing description,existing,1,,https://www.lancyr.nl/over-ons/,https://www.lancyr.nl/,,200,0.4793331623,Wie is Lancyr? - Lancyr,,25,31,202,23
missing h1,existing,1,,https://www.lancyr.nl/over-ons/,https://www.lancyr.nl/,,200,0.4793331623,Wie is Lancyr? - Lancyr,,25,31,202,23
missing description,existing,1,,https://www.lancyr.nl/klantenservice/klacht-melden/,https://www.lancyr.nl/klantenservice/klachten-procedure/,,200,0.539678812,Klacht melden - Lancyr,,25,51,204,22
missing h1,existing,1,,https://www.lancyr.nl/klantenservice/klacht-melden/,https://www.lancyr.nl/klantenservice/klachten-procedure/,,200,0.539678812,Klacht melden - Lancyr,,25,51,204,22
missing h1,existing,1,,https://www.lancyr.nl/zzp/zakelijke-autoverzekering/,https://www.lancyr.nl/,,200,0.4962179661,Zakelijke autoverzekering - Lancyr,Op zoek naar een goedkope zakelijke autoverzekering? Hier kun je een zakelijke autoverzekering binnen 5 minuten afsluiten.,23,52,304,34
missing description,existing,1,,https://www.lancyr.nl/blog/arbeidsongeschiktheid-financiele-gevolgen/,https://www.lancyr.nl/blog/,,200,0.4848430157,Arbeidsongeschiktheid financiële gevolgen - Lancyr,,23,69,456,50
missing description,existing,1,,https://www.lancyr.nl/klantenservice/mijn-verzekeringen/,https://www.lancyr.nl/klantenservice/,,200,0.4911439419,Mijn verzekeringen - Lancyr,,23,56,244,27
missing description,existing,1,,https://www.lancyr.nl/klantenservice/opzeggen/,https://www.lancyr.nl/klantenservice/,,200,0.5374310017,Opzeggen - Lancyr,,23,46,165,17
missing description,existing,1,,https://www.lancyr.nl/over-ons/dienstverlening/,https://www.lancyr.nl/dienstverlening/,,200,0.491300106,Dienstverlening - Lancyr,,23,47,214,24
missing description,existing,1,,https://www.lancyr.nl/prive/camperverzekering/,https://www.lancyr.nl/prive/,,200,0.49938488010000004,Camperverzekering - Lancyr,,23,46,250,26
missing description,existing,1,,https://www.lancyr.nl/prive/woonverzekering/inboedelverzekering/,https://www.lancyr.nl/prive/woonverzekering/,,200,0.5054159164,Inboedelverzekering - Lancyr,,23,64,255,28
missing h1,existing,1,,https://www.lancyr.nl/blog/arbeidsongeschiktheid-financiele-gevolgen/,https://www.lancyr.nl/blog/,,200,0.4848430157,Arbeidsongeschiktheid financiële gevolgen - Lancyr,,23,69,456,50
missing h1,existing,1,,https://www.lancyr.nl/klantenservice/mijn-verzekeringen/,https://www.lancyr.nl/klantenservice/,,200,0.4911439419,Mijn verzekeringen - Lancyr,,23,56,244,27
missing h1,existing,1,,https://www.lancyr.nl/klantenservice/opzeggen/,https://www.lancyr.nl/klantenservice/,,200,0.5374310017,Opzeggen - Lancyr,,23,46,165,17
missing h1,existing,1,,https://www.lancyr.nl/over-ons/dienstverlening/,https://www.lancyr.nl/dienstverlening/,,200,0.491300106,Dienstverlening - Lancyr,,23,47,214,24
missing h1,existing,1,,https://www.lancyr.nl/prive/camperverzekering/,https://www.lancyr.nl/prive/,,200,0.49938488010000004,Camperverzekering - Lancyr,,23,46,250,26
missing h1,existing,1,,https://www.lancyr.nl/prive/woonverzekering/inboedelverzekering/,https://www.lancyr.nl/prive/woonverzekering/,,200,0.5054159164,Inboedelverzekering - Lancyr,,23,64,255,28
description too long,existing,1,,https://www.lancyr.nl/prive/autoverzekering/,https://www.lancyr.nl/,,200,0.7639269829,Autoverzekering - Lancyr,"Autoverzekering afsluiten? Een goedkope en goede autoverzekering afsluiten doe je snel en gemakkelijk online via Lancyr. Binnen 5 minuten is je autoverzekering afgesloten en kun je direct de weg op. Snelle schadebehandeling en tot 82,5% premiekorting op je autoverzekering. Top drie voorwaarden en goede telefonische bereikbaarheid van onze verzekering experts.",21,44,221,24
missing description,existing,1,,https://www.lancyr.nl/blog/,https://www.lancyr.nl/,,200,0.6615340710000001,Blog - Lancyr,,21,27,114,13
missing description,existing,1,,https://www.lancyr.nl/juridisch/disclaimer/,https://www.lancyr.nl/,,200,0.5320100784,Disclaimer - Lancyr,,21,43,170,19
missing description,existing,1,,https://www.lancyr.nl/juridisch/privacy/,https://www.lancyr.nl/,,200,0.5039129257,Privacy - Lancyr,,21,40,140,16
missing description,existing,1,,https://www.lancyr.nl/nieuws/,https://www.lancyr.nl/,,200,0.519769907,Nieuws - Lancyr,,21,29,141,15
missing description,existing,1,,https://www.lancyr.nl/over-ons/dienstverlening/reviews/,https://www.lancyr.nl/,,200,0.6328260899,Reviews - Lancyr,,21,55,149,16
missing description,existing,1,,https://www.lancyr.nl/over-ons/productontwikkeling/,https://www.lancyr.nl/,,200,0.5991327763000001,Productontwikkeling - Lancyr,,21,51,257,28
missing description,existing,1,,https://www.lancyr.nl/over-ons/relaties-opbouwen/,https://www.lancyr.nl/,,200,0.5237700939000001,Relaties opbouwen - Lancyr,,21,49,244,26
missing description,existing,1,,https://www.lancyr.nl/vacatures/,https://www.lancyr.nl/,,200,0.5087809563,Vacatures - Lancyr,,21,32,166,18
missing description,existing,1,,https://www.lancyr.nl/voorwaarden/,https://www.lancyr.nl/,,200,0.679459095,Voorwaarden - Lancyr,,21,34,194,20
missing description,existing,1,,https://www.lancyr.nl/zzp/zakelijke-autoverzekering/auto-prive-of-zakelijk-verzekeren/,https://www.lancyr.nl/,,200,0.4868040085,Auto prive of zakelijk verzekeren - Lancyr,,21,86,365,42
missing h1,existing,1,,https://www.lancyr.nl/blog/,https://www.lancyr.nl/,,200,0.6615340710000001,Blog - Lancyr,,21,27,114,13
missing h1,existing,1,,https://www.lancyr.nl/faq/,https://www.lancyr.nl/,,200,0.6700088978000001,Faq - Lancyr,"Verzekeren is een lastige zaak. Wat is wel gedekt, en wat niet? Hieronder kan je een aantal van de meest gestelde vragen zien die wij dit jaar ontvangen hebben.",21,26,108,12
missing h1,existing,1,,https://www.lancyr.nl/juridisch/disclaimer/,https://www.lancyr.nl/,,200,0.5320100784,Disclaimer - Lancyr,,21,43,170,19
missing h1,existing,1,,https://www.lancyr.nl/juridisch/privacy/,https://www.lancyr.nl/,,200,0.5039129257,Privacy - Lancyr,,21,40,140,16
missing h1,existing,1,,https://www.lancyr.nl/nieuws/,https://www.lancyr.nl/,,200,0.519769907,Nieuws - Lancyr,,21,29,141,15
missing h1,existing,1,,https://www.lancyr.nl/over-ons/dienstverlening/reviews/,https://www.lancyr.nl/,,200,0.6328260899,Reviews - Lancyr,,21,55,149,16
missing h1,existing,1,,https://www.lancyr.nl/over-ons/productontwikkeling/,https://www.lancyr.nl/,,200,0.5991327763000001,Productontwikkeling - Lancyr,,21,51,257,28
missing h1,existing,1,,https://www.lancyr.nl/over-ons/relaties-opbouwen/,https://www.lancyr.nl/,,200,0.5237700939000001,Relaties opbouwen - Lancyr,,21,49,244,26
missing h1,existing,1,,https://www.lancyr.nl/prive/aansprakelijkheidsverzekering/,https://www.lancyr.nl/,,200,0.4960172176,Aansprakelijkheidsverzekering - Lancyr,Met een aansprakelijkheidsverzekering (AVP) ben je verzekerd tegen de financiële gevolgen van schade die jij of je gezinsleden per ongeluk aan anderen toebrengen.,21,58,347,38
missing h1,existing,1,,https://www.lancyr.nl/prive/rechtsbijstandverzekering/,https://www.lancyr.nl/,,200,0.49840497970000003,Rechtsbijstandverzekering - Lancyr,"Met een rechtsbijstandverzekering krijg je ondersteuning wanneer je het nodig hebt, zonder hoge kosten achteraf.",21,54,311,34
missing h1,existing,1,,https://www.lancyr.nl/prive/reisverzekering/,https://www.lancyr.nl/,,200,0.5009670258,Reisverzekering - Lancyr,"Ga je op reis? Dan wil je vooral genieten. Maar een ongeluk, diefstal of onverwachte medische kosten kunnen je vakantie flink verpesten. Met een goede reisverzekering weet je zeker dat je niet voor onverwachte kosten komt te staan.",21,44,217,24
missing h1,existing,1,,https://www.lancyr.nl/prive/woonverzekering/,https://www.lancyr.nl/,,200,0.4969248772,Woonverzekering - Lancyr,"Je huis is niet alleen je thuis, maar vaak ook de plek waar je werkt en onderneemt. Bescherm je woning en bezittingen tegen schade door brand, storm of diefstal met een woonverzekering.",21,44,230,24
missing h1,existing,1,,https://www.lancyr.nl/vacatures/,https://www.lancyr.nl/,,200,0.5087809563,Vacatures - Lancyr,,21,32,166,18
missing h1,existing,1,,https://www.lancyr.nl/voorwaarden/,https://www.lancyr.nl/,,200,0.679459095,Voorwaarden - Lancyr,,21,34,194,20
missing h1,existing,1,,https://www.lancyr.nl/zzp/aansprakelijkheidsverzekering-bedrijven/,https://www.lancyr.nl/,,200,0.4893240929,Aansprakelijkheidsverzekering bedrijven - Lancyr,Met een aansprakelijkheidsverzekering voor ZZP’ers ben je financieel beschermd als je tijdens je werk per ongeluk schade veroorzaakt bij een klant of derde. Zo sta je sterker én laat je zien dat je professioneel en goed voorbereid bent.,21,66,434,48
missing h1,existing,1,,https://www.lancyr.nl/zzp/arbeidsongeschiktheidsverzekering/,https://www.lancyr.nl/,,200,0.5037441254,Arbeidsongeschiktheidsverzekering - Lancyr,Met een AOV zorg je ervoor dat je als ondernemer inkomen blijft ontvangen als je arbeidsongeschikt raakt.,21,60,392,42
missing h1,existing,1,,https://www.lancyr.nl/zzp/beroepsaansprakelijkheidsverzekering/,https://www.lancyr.nl/,,200,0.4920070171,Beroepsaansprakelijkheidsverzekering - Lancyr,Een beroepsaansprakelijkheidsverzekering (BAV) beschermt je als zelfstandig professional tegen de financiële gevolgen van een beroepsfout.,21,63,418,45
missing h1,existing,1,,https://www.lancyr.nl/zzp/rechtsbijstandverzekering-zzp/,https://www.lancyr.nl/,,200,0.49946403500000003,Rechtsbijstandverzekering zzp - Lancyr,"Als zelfstandig ondernemer loop je risico op juridische geschillen. Denk aan een conflict met een klant, leverancier of verhuurder. Met een rechtsbijstandverzekering voor ZZP’ers ben je verzekerd van deskundige juridische hulp.",21,56,347,38
missing h1,existing,1,,https://www.lancyr.nl/zzp/zakelijke-autoverzekering/auto-prive-of-zakelijk-verzekeren/,https://www.lancyr.nl/,,200,0.4868040085,Auto prive of zakelijk verzekeren - Lancyr,,21,86,365,42
missing description,existing,1,,https://www.lancyr.nl/blog/goed-verzekerd-als-ziek-word-als-baan-verlies/,https://www.lancyr.nl/blog/,,200,0.49857711790000003,"Ben ik goed verzekerd als ik arbeidsongeschikt word, of mijn baan verlies? - Lancyr",,21,73,742,83
missing description,existing,1,,https://www.lancyr.nl/blog/langer-verblijf-buitenland/,https://www.lancyr.nl/blog/,,200,0.585406065,Langer verblijf in het buitenland - Lancyr,,21,54,357,42
missing description,existing,1,,https://www.lancyr.nl/blog/schade-buitenspelende-kinderen/,https://www.lancyr.nl/blog/,,200,0.4852099419,Schade door buitenspelende kinderen - Lancyr,,21,58,410,44
missing description,existing,1,,https://www.lancyr.nl/blog/schade-door-kind-aan-auto/,https://www.lancyr.nl/blog/,,200,0.48897194860000004,Schade door kind aan auto - Lancyr,,21,53,311,34
missing description,existing,1,,https://www.lancyr.nl/blog/stormschade-voorkomen/,https://www.lancyr.nl/blog/,,200,0.48891997340000004,Stormschade voorkomen - Lancyr,,21,49,299,30
missing description,existing,1,,https://www.lancyr.nl/blog/tips-afsluiten-autoverzekering/,https://www.lancyr.nl/blog/,,200,0.4845969677,10 Tips bij het afsluiten van een autoverzekering - Lancyr,,21,58,507,58
missing description,existing,1,,https://www.lancyr.nl/blog/vakantie-auto/,https://www.lancyr.nl/blog/,,200,0.4822800159,Vakantie met de auto - Lancyr,,21,41,267,29
missing description,existing,1,,https://www.lancyr.nl/blog/veilig-rijden-met-storm-sneeuw-mist-en-harde-regen/,https://www.lancyr.nl/blog/,,200,0.6382038593,"Veilig rijden met storm, sneeuw, mist en harde regen - Lancyr",,21,78,565,61
missing description,existing,1,,https://www.lancyr.nl/faq/adviseur-vergoeding/,https://www.lancyr.nl/faq/,,200,0.48473000530000004,Wat is provisie op verzekeringen? - Lancyr,,21,46,373,42
missing description,existing,1,,https://www.lancyr.nl/faq/auto-schade-waarborgfonds/,https://www.lancyr.nl/schade-melden/,,200,0.5062398911,Hoe meld je schade bij het Waarborgfonds Motorverkeer? - Lancyr,,21,52,587,63
missing description,existing,1,,https://www.lancyr.nl/faq/heeft-lancyr-een-lijst-met-aangesloten-herstellers/,https://www.lancyr.nl/prive/autoverzekering/,,200,0.500895977,Heeft Lancyr een lijst met aangesloten herstellers? - Lancyr,,21,77,529,60
missing description,existing,1,,https://www.lancyr.nl/faq/hoe-autoverzekering-dekking-wijzigen/,https://www.lancyr.nl/faq/,,200,0.4784832001,Hoe kan ik een dekking wijziging doorgeven? - Lancyr,,21,63,471,52
missing description,existing,1,,https://www.lancyr.nl/faq/hoe-autoverzekering-kenteken-wijzigen/,https://www.lancyr.nl/faq/,,200,0.4954769611,Hoe kan ik een kenteken wijziging doorgeven? - Lancyr,,21,64,484,53
missing description,existing,1,,https://www.lancyr.nl/faq/hoe-vaak-mag-ik-gebruikmaken-van-mijn-rechtsbijstandverzekering/,https://www.lancyr.nl/faq/,,200,0.4960589409,Hoe vaak mag ik gebruikmaken van mijn rechtsbijstandverzekering? - Lancyr,,21,90,681,73
missing description,existing,1,,https://www.lancyr.nl/faq/hoe-verzekering-opzeggen/,https://www.lancyr.nl/faq/,,200,0.4784710407,Hoe kan ik mijn verzekering opzeggen? - Lancyr,,21,51,422,46
missing description,existing,1,,https://www.lancyr.nl/faq/hoe-werkt-schade-behandeling/,https://www.lancyr.nl/schade-melden/,,200,0.4939210415,Hoe werkt schade behandeling? - Lancyr,,21,55,358,38
missing description,existing,1,,https://www.lancyr.nl/faq/inbraak-diefstal-schade/,https://www.lancyr.nl/faq/,,200,0.49464106560000004,Wat moet ik doen bij autoschade door inbraak of diefstal? - Lancyr,,21,50,587,66
missing description,existing,1,,https://www.lancyr.nl/faq/leaseverklaring-schadevrije-jaren/,https://www.lancyr.nl/prive/autoverzekering/,,200,0.49304986,Kan ik een leaseverklaring gebruiken als bewijs van schadevrij rijden? - Lancyr,,21,60,692,79
missing description,existing,1,,https://www.lancyr.nl/faq/mobiel-schade-melden/,https://www.lancyr.nl/faq/,,200,0.4941790104,Hoe werkt mobielschademelden.nl bij het melden van autoschade? - Lancyr,,21,47,671,71
missing description,existing,1,,https://www.lancyr.nl/faq/overlijden-melden/,https://www.lancyr.nl/faq/,,200,0.48004007340000004,Hoe kan ik een overlijden melden? - Lancyr,,21,44,379,42
missing description,existing,1,,https://www.lancyr.nl/faq/per-wanneer-is-mijn-auto-verzekerd/,https://www.lancyr.nl/prive/autoverzekering/,,200,0.5255038738,Per wanneer is mijn auto verzekerd? - Lancyr,,21,61,399,44
missing description,existing,1,,https://www.lancyr.nl/faq/politie-en-aangifte/,https://www.lancyr.nl/schade-melden/,,200,0.5103042126,Schade aan je auto: wanneer politie inschakelen en wanneer aangifte doen? - Lancyr,,21,46,749,82
missing description,existing,1,,https://www.lancyr.nl/faq/vrije-advocaatkeuze-lancyr/,https://www.lancyr.nl/faq/,,200,0.5141370296000001,Wat is vrije keuze rechtshulpverlener bij Lancyr? - Lancyr,,21,53,503,58
missing description,existing,1,,https://www.lancyr.nl/faq/waar-meldcode-auto/,https://www.lancyr.nl/prive/autoverzekering/,,200,0.5188510418,Waar vind ik de meldcode van mijn auto? - Lancyr,,21,45,439,48
missing description,existing,1,,https://www.lancyr.nl/faq/waar-vind-ik-een-overzicht-van-mijn-verzekeringen/,https://www.lancyr.nl/faq/,,200,0.4975540638,Waar vind ik een overzicht van mijn verzekeringen? - Lancyr,,21,76,530,59
missing description,existing,1,,https://www.lancyr.nl/faq/waar-vind-ik-groene-kaart/,https://www.lancyr.nl/prive/autoverzekering/,,200,0.4860451221,Waar is mijn groene kaart / internationaal verzekeringsbewijs van Lancyr? - Lancyr,,21,52,732,82
missing description,existing,1,,https://www.lancyr.nl/faq/waarvoor-is-de-service-fee-van-het-a-t-m-z-pakket/,https://www.lancyr.nl/faq/,,200,0.5180430412,Waarvoor is de service fee van het A t/m Z Pakket? - Lancyr,,21,76,531,59
missing description,existing,1,,https://www.lancyr.nl/faq/wanneer-betaalde-premie-terug/,https://www.lancyr.nl/faq/,,200,0.4968061447,Wanneer krijg ik teveel betaalde premie terug? - Lancyr,,21,56,490,55
missing description,existing,1,,https://www.lancyr.nl/faq/wanneer-incasso-premie/,https://www.lancyr.nl/faq/,,200,0.5065920353,Wanneer wordt mijn verzekeringspremie afgeschreven? - Lancyr,,21,49,572,60
missing description,existing,1,,https://www.lancyr.nl/faq/wat-is-franchise-rechtsbijstandverzekering/,https://www.lancyr.nl/faq/,,200,0.5032069683,Wat is franchise bij een rechtsbijstandverzekering? - Lancyr,,21,69,528,60
missing description,existing,1,,https://www.lancyr.nl/faq/wat-wie-waarom-regelmatig-bestuurder/,https://www.lancyr.nl/faq/,,200,0.5527441502,"Wat is een regelmatig bestuurder, wie zijn het en waarom moet ik die melden aan mijn autoverzekering? - Lancyr",,21,63,1014,110
missing description,existing,1,,https://www.lancyr.nl/faq/wat-zijn-externe-kosten-rechtsbijstandverzekering/,https://www.lancyr.nl/faq/,,200,0.503164053,Wat zijn externe kosten bij een rechtsbijstandverzekering? - Lancyr,,21,76,594,67
missing description,existing,1,,https://www.lancyr.nl/faq/wie-is-nederlands-volmacht-bedrijf/,https://www.lancyr.nl/faq/,,200,0.48963809010000003,Wie is Het Nederlands Volmachtbedrijf? - Lancyr,,21,61,430,47
missing description,existing,1,,https://www.lancyr.nl/juridisch/,https://www.lancyr.nl/over-ons/,,200,0.4923570156,Juridisch - Lancyr,,21,32,156,18
missing description,existing,1,,https://www.lancyr.nl/klantenservice/aanvraag-faq/,https://www.lancyr.nl/faq/,,200,0.521173954,Veel gestelde vragen: Je aanvraag - Lancyr,,21,50,383,42
missing description,existing,1,,https://www.lancyr.nl/klantenservice/adres-wijzigen/,https://www.lancyr.nl/klantenservice/,,200,0.5403659344,Adres wijzigen - Lancyr,,21,52,205,23
missing description,existing,1,,https://www.lancyr.nl/klantenservice/andere-wijziging-verzekering/,https://www.lancyr.nl/klantenservice/,,200,0.5189430714000001,Andere wijziging verzekering - Lancyr,,21,66,331,37
missing description,existing,1,,https://www.lancyr.nl/klantenservice/dekking-wijzigen/,https://www.lancyr.nl/klantenservice/,,200,0.5420889854000001,Dekking wijzigen - Lancyr,,21,54,224,25
missing description,existing,1,,https://www.lancyr.nl/klantenservice/e-mail-wijzigen/,https://www.lancyr.nl/klantenservice/,,200,0.5246529579,E-mail wijzigen - Lancyr,,21,53,209,24
missing description,existing,1,,https://www.lancyr.nl/klantenservice/gezinssamenstelling-wijzigen/,https://www.lancyr.nl/klantenservice/,,200,0.5140068531,Gezinssamenstelling wijzigen - Lancyr,,21,66,340,37
missing description,existing,1,,https://www.lancyr.nl/klantenservice/kenteken-wisselen/,https://www.lancyr.nl/klantenservice/,,200,0.5350010395,Kenteken wisselen - Lancyr,,21,55,243,26
missing description,existing,1,,https://www.lancyr.nl/klantenservice/klachten-procedure/,https://www.lancyr.nl/klantenservice/,,200,0.49053287510000004,Klachten procedure - Lancyr,,21,56,249,27
missing description,existing,1,,https://www.lancyr.nl/klantenservice/mobiel-wijzigen/,https://www.lancyr.nl/klantenservice/,,200,0.5213720798,Mobiel wijzigen - Lancyr,,21,53,213,24
missing description,existing,1,,https://www.lancyr.nl/klantenservice/overlijden-melden/,https://www.lancyr.nl/klantenservice/,,200,0.5238151550000001,Overlijden melden - Lancyr,,21,55,237,26
missing description,existing,1,,https://www.lancyr.nl/klantenservice/premie-faq/,https://www.lancyr.nl/klantenservice/,,200,0.6342902184,Veel gestelde vragen: premie - Lancyr,,21,48,336,37
missing description,existing,1,,https://www.lancyr.nl/klantenservice/rekeningnummer-wijzigen/,https://www.lancyr.nl/klantenservice/,,200,0.5284409523,Rekeningnummer wijzigen - Lancyr,,21,61,311,32
missing description,existing,1,,https://www.lancyr.nl/klantenservice/vraag-stellen/,https://www.lancyr.nl/klantenservice/,,200,0.5894188881,Vraag stellen - Lancyr,,21,51,193,22
missing description,existing,1,,https://www.lancyr.nl/klantenservice/wijzigen-faq/,https://www.lancyr.nl/faq/,,200,0.5402739048,Veel gestelde vragen: wijzigen - Lancyr,,21,50,346,39
missing description,existing,1,,https://www.lancyr.nl/nieuws/omzetting-nn-naar-lancyr-rechtsbijstandverzekering/,https://www.lancyr.nl/nieuws/,,200,0.48826479910000004,Omzetting NN naar Lancyr Rechtsbijstandverzekering - Lancyr,,21,80,552,59
missing description,existing,1,,https://www.lancyr.nl/over-ons/historie-lancyr/,https://www.lancyr.nl/over-ons/,,200,0.6813387871000001,Historie Lancyr - Lancyr,,21,47,209,24
missing description,existing,1,,https://www.lancyr.nl/over-ons/vestigingen/,https://www.lancyr.nl/klantenservice/,,200,0.6294760704,vestigingen - Lancyr,,21,43,178,20
missing description,existing,1,,https://www.lancyr.nl/over-ons/vestigingen/lancyr-verzekeringen/,https://www.lancyr.nl/klantenservice/,,200,0.4895219803,Lancyr verzekeringen - Lancyr,,21,64,265,29
missing description,existing,1,,https://www.lancyr.nl/prive/autoverzekering/faq/,https://www.lancyr.nl/prive/autoverzekering/,,200,0.5584070683,Veel gestelde vragen: Auto Privé - Lancyr,,21,48,366,41
missing description,existing,1,,https://www.lancyr.nl/prive/autoverzekering/no-claim-beschermer/,https://www.lancyr.nl/prive/autoverzekering/,,200,0.5101630688000001,No-claim beschermer - Lancyr,,21,64,267,28
missing description,existing,1,,https://www.lancyr.nl/prive/autoverzekering/rechtsbijstand-verkeer/,https://www.lancyr.nl/prive/autoverzekering/,,200,0.5179870129,Rechtsbijstand dekking verkeer - Lancyr,,21,67,353,39
missing description,existing,1,,https://www.lancyr.nl/prive/bootverzekering/,https://www.lancyr.nl/prive/,,200,0.5140149593000001,Bootverzekering - Lancyr,,21,44,220,24
missing description,existing,1,,https://www.lancyr.nl/prive/caravanverzekering/,https://www.lancyr.nl/prive/,,200,0.5047068596000001,Caravanverzekering - Lancyr,,21,47,253,27
missing description,existing,1,,https://www.lancyr.nl/prive/motorverzekering/,https://www.lancyr.nl/prive/,,200,0.4998369217,Motorverzekering - Lancyr,,21,45,232,25
missing description,existing,1,,https://www.lancyr.nl/prive/ongevallenverzekering/,https://www.lancyr.nl/prive/,,200,0.5128440857000001,Ongevallenverzekering - Lancyr,,21,50,279,30
missing description,existing,1,,https://www.lancyr.nl/prive/rechtsbijstandverzekering/faq/,https://www.lancyr.nl/faq/,,200,0.5458090305000001,Veel gestelde vragen: Rechtsbijstand Privé - Lancyr,,21,58,456,51
missing description,existing,1,,https://www.lancyr.nl/prive/rechtsbijstandverzekering/modules/,https://www.lancyr.nl/prive/rechtsbijstandverzekering/,,200,0.49981999400000005,Modules van de Lancyr rechtsbijstandverzekering - Lancyr,,21,62,515,56
missing description,existing,1,,https://www.lancyr.nl/prive/services/,https://www.lancyr.nl/prive/,,200,0.4891960621,Services - Lancyr,,21,37,151,17
missing description,existing,1,,https://www.lancyr.nl/prive/services/juridische-helpdesk/,https://www.lancyr.nl/prive/autoverzekering/,,200,0.6127390862000001,Juridische Helpdesk - Lancyr,,21,57,255,28
missing description,existing,1,,https://www.lancyr.nl/prive/woonverzekering/opstalverzekering/,https://www.lancyr.nl/prive/woonverzekering/,,200,0.5079281330000001,Opstalverzekering - Lancyr,,21,62,237,26
missing description,existing,1,,https://www.lancyr.nl/schade-melden/eenzijdig-schade-melden/,https://www.lancyr.nl/schade-melden/,,200,0.637750864,Eenzijdig schade melden - Lancyr,,21,60,296,32
missing description,existing,1,,https://www.lancyr.nl/schade-melden/faq/,https://www.lancyr.nl/schade-melden/,,200,0.6623291969,Veel gestelde vragen: schade - Lancyr,,21,40,337,37
missing description,existing,1,,https://www.lancyr.nl/schade-melden/herstelnetwerk-auto/,https://www.lancyr.nl/schade-melden/,,200,0.4985761642,Herstelnetwerk auto - Lancyr,,21,56,257,28
missing description,existing,1,,https://www.lancyr.nl/schade-melden/hulp-bij-schade-reis/,https://www.lancyr.nl/schade-melden/,,200,0.5018601418,Hulp bij schade reis - Lancyr,,21,57,249,29
missing description,existing,1,,https://www.lancyr.nl/schade-melden/ruitschade/,https://www.lancyr.nl/schade-melden/,,200,0.5117919445,Ruitschade - Lancyr,,21,47,174,19
missing description,existing,1,,https://www.lancyr.nl/schade-melden/tweezijdig-schade-melden/,https://www.lancyr.nl/schade-melden/,,200,0.5044350624,Tweezijdig schade melden - Lancyr,,21,61,312,33
missing description,existing,1,,https://www.lancyr.nl/schadecoach-motorrijtuigen-prive/,https://www.lancyr.nl/vacatures/,,200,0.5009250641,Schadecoach motorrijtuigen privé - Lancyr,,21,55,375,41
missing description,existing,1,,https://www.lancyr.nl/storing/,https://www.lancyr.nl/klantenservice/,,200,0.5105619431,Storing - Lancyr,,21,30,139,16
missing description,existing,1,,https://www.lancyr.nl/vacatures/schadebehandelaar-automotive/,https://www.lancyr.nl/vacatures/,,200,0.5030360222,Medior / senior schadebehandelaar en coachend automotive particulier - Lancyr,,21,61,710,77
missing description,existing,1,,https://www.lancyr.nl/vacatures/schadebehandelaar-motorrijtuigen-prive/,https://www.lancyr.nl/vacatures/,,200,0.5194609165,Schadebehandelaar Motorrijtuigen privé - Lancyr,,21,71,432,47
missing description,existing,1,,https://www.lancyr.nl/zzp/services/,https://www.lancyr.nl/zzp/,,200,0.4821510315,Services - Lancyr,,21,35,151,17
missing description,existing,1,,https://www.lancyr.nl/zzp/services/zakelijk-financieel-advies/,https://www.lancyr.nl/zzp/,,200,0.49912905690000003,Zakelijk Financieel Advies - Lancyr,,21,62,305,35
missing h1,existing,1,,https://www.lancyr.nl/blog/goed-verzekerd-als-ziek-word-als-baan-verlies/,https://www.lancyr.nl/blog/,,200,0.49857711790000003,"Ben ik goed verzekerd als ik arbeidsongeschikt word, of mijn baan verlies? - Lancyr",,21,73,742,83
missing h1,existing,1,,https://www.lancyr.nl/blog/langer-verblijf-buitenland/,https://www.lancyr.nl/blog/,,200,0.585406065,Langer verblijf in het buitenland - Lancyr,,21,54,357,42
missing h1,existing,1,,https://www.lancyr.nl/blog/schade-buitenspelende-kinderen/,https://www.lancyr.nl/blog/,,200,0.4852099419,Schade door buitenspelende kinderen - Lancyr,,21,58,410,44
missing h1,existing,1,,https://www.lancyr.nl/blog/schade-door-kind-aan-auto/,https://www.lancyr.nl/blog/,,200,0.48897194860000004,Schade door kind aan auto - Lancyr,,21,53,311,34
missing h1,existing,1,,https://www.lancyr.nl/blog/stormschade-voorkomen/,https://www.lancyr.nl/blog/,,200,0.48891997340000004,Stormschade voorkomen - Lancyr,,21,49,299,30
missing h1,existing,1,,https://www.lancyr.nl/blog/tips-afsluiten-autoverzekering/,https://www.lancyr.nl/blog/,,200,0.4845969677,10 Tips bij het afsluiten van een autoverzekering - Lancyr,,21,58,507,58
missing h1,existing,1,,https://www.lancyr.nl/blog/vakantie-auto/,https://www.lancyr.nl/blog/,,200,0.4822800159,Vakantie met de auto - Lancyr,,21,41,267,29
missing h1,existing,1,,https://www.lancyr.nl/blog/veilig-rijden-met-storm-sneeuw-mist-en-harde-regen/,https://www.lancyr.nl/blog/,,200,0.6382038593,"Veilig rijden met storm, sneeuw, mist en harde regen - Lancyr",,21,78,565,61
missing h1,existing,1,,https://www.lancyr.nl/faq/adviseur-vergoeding/,https://www.lancyr.nl/faq/,,200,0.48473000530000004,Wat is provisie op verzekeringen? - Lancyr,,21,46,373,42
missing h1,existing,1,,https://www.lancyr.nl/faq/auto-schade-waarborgfonds/,https://www.lancyr.nl/schade-melden/,,200,0.5062398911,Hoe meld je schade bij het Waarborgfonds Motorverkeer? - Lancyr,,21,52,587,63
missing h1,existing,1,,https://www.lancyr.nl/faq/heeft-lancyr-een-lijst-met-aangesloten-herstellers/,https://www.lancyr.nl/prive/autoverzekering/,,200,0.500895977,Heeft Lancyr een lijst met aangesloten herstellers? - Lancyr,,21,77,529,60
missing h1,existing,1,,https://www.lancyr.nl/faq/hoe-autoverzekering-dekking-wijzigen/,https://www.lancyr.nl/faq/,,200,0.4784832001,Hoe kan ik een dekking wijziging doorgeven? - Lancyr,,21,63,471,52
missing h1,existing,1,,https://www.lancyr.nl/faq/hoe-autoverzekering-kenteken-wijzigen/,https://www.lancyr.nl/faq/,,200,0.4954769611,Hoe kan ik een kenteken wijziging doorgeven? - Lancyr,,21,64,484,53
missing h1,existing,1,,https://www.lancyr.nl/faq/hoe-vaak-mag-ik-gebruikmaken-van-mijn-rechtsbijstandverzekering/,https://www.lancyr.nl/faq/,,200,0.4960589409,Hoe vaak mag ik gebruikmaken van mijn rechtsbijstandverzekering? - Lancyr,,21,90,681,73
missing h1,existing,1,,https://www.lancyr.nl/faq/hoe-verzekering-opzeggen/,https://www.lancyr.nl/faq/,,200,0.4784710407,Hoe kan ik mijn verzekering opzeggen? - Lancyr,,21,51,422,46
missing h1,existing,1,,https://www.lancyr.nl/faq/hoe-werkt-schade-behandeling/,https://www.lancyr.nl/schade-melden/,,200,0.4939210415,Hoe werkt schade behandeling? - Lancyr,,21,55,358,38
missing h1,existing,1,,https://www.lancyr.nl/faq/inbraak-diefstal-schade/,https://www.lancyr.nl/faq/,,200,0.49464106560000004,Wat moet ik doen bij autoschade door inbraak of diefstal? - Lancyr,,21,50,587,66
missing h1,existing,1,,https://www.lancyr.nl/faq/leaseverklaring-schadevrije-jaren/,https://www.lancyr.nl/prive/autoverzekering/,,200,0.49304986,Kan ik een leaseverklaring gebruiken als bewijs van schadevrij rijden? - Lancyr,,21,60,692,79
missing h1,existing,1,,https://www.lancyr.nl/faq/mobiel-schade-melden/,https://www.lancyr.nl/faq/,,200,0.4941790104,Hoe werkt mobielschademelden.nl bij het melden van autoschade? - Lancyr,,21,47,671,71
missing h1,existing,1,,https://www.lancyr.nl/faq/overlijden-melden/,https://www.lancyr.nl/faq/,,200,0.48004007340000004,Hoe kan ik een overlijden melden? - Lancyr,,21,44,379,42
missing h1,existing,1,,https://www.lancyr.nl/faq/per-wanneer-is-mijn-auto-verzekerd/,https://www.lancyr.nl/prive/autoverzekering/,,200,0.5255038738,Per wanneer is mijn auto verzekerd? - Lancyr,,21,61,399,44
missing h1,existing,1,,https://www.lancyr.nl/faq/politie-en-aangifte/,https://www.lancyr.nl/schade-melden/,,200,0.5103042126,Schade aan je auto: wanneer politie inschakelen en wanneer aangifte doen? - Lancyr,,21,46,749,82
missing h1,existing,1,,https://www.lancyr.nl/faq/vrije-advocaatkeuze-lancyr/,https://www.lancyr.nl/faq/,,200,0.5141370296000001,Wat is vrije keuze rechtshulpverlener bij Lancyr? - Lancyr,,21,53,503,58
missing h1,existing,1,,https://www.lancyr.nl/faq/waar-meldcode-auto/,https://www.lancyr.nl/prive/autoverzekering/,,200,0.5188510418,Waar vind ik de meldcode van mijn auto? - Lancyr,,21,45,439,48
missing h1,existing,1,,https://www.lancyr.nl/faq/waar-vind-ik-een-overzicht-van-mijn-verzekeringen/,https://www.lancyr.nl/faq/,,200,0.4975540638,Waar vind ik een overzicht van mijn verzekeringen? - Lancyr,,21,76,530,59
missing h1,existing,1,,https://www.lancyr.nl/faq/waar-vind-ik-groene-kaart/,https://www.lancyr.nl/prive/autoverzekering/,,200,0.4860451221,Waar is mijn groene kaart / internationaal verzekeringsbewijs van Lancyr? - Lancyr,,21,52,732,82
missing h1,existing,1,,https://www.lancyr.nl/faq/waarvoor-is-de-service-fee-van-het-a-t-m-z-pakket/,https://www.lancyr.nl/faq/,,200,0.5180430412,Waarvoor is de service fee van het A t/m Z Pakket? - Lancyr,,21,76,531,59
missing h1,existing,1,,https://www.lancyr.nl/faq/wanneer-betaalde-premie-terug/,https://www.lancyr.nl/faq/,,200,0.4968061447,Wanneer krijg ik teveel betaalde premie terug? - Lancyr,,21,56,490,55
missing h1,existing,1,,https://www.lancyr.nl/faq/wanneer-incasso-premie/,https://www.lancyr.nl/faq/,,200,0.5065920353,Wanneer wordt mijn verzekeringspremie afgeschreven? - Lancyr,,21,49,572,60
missing h1,existing,1,,https://www.lancyr.nl/faq/wat-is-franchise-rechtsbijstandverzekering/,https://www.lancyr.nl/faq/,,200,0.5032069683,Wat is franchise bij een rechtsbijstandverzekering? - Lancyr,,21,69,528,60
missing h1,existing,1,,https://www.lancyr.nl/faq/wat-wie-waarom-regelmatig-bestuurder/,https://www.lancyr.nl/faq/,,200,0.5527441502,"Wat is een regelmatig bestuurder, wie zijn het en waarom moet ik die melden aan mijn autoverzekering? - Lancyr",,21,63,1014,110
missing h1,existing,1,,https://www.lancyr.nl/faq/wat-zijn-externe-kosten-rechtsbijstandverzekering/,https://www.lancyr.nl/faq/,,200,0.503164053,Wat zijn externe kosten bij een rechtsbijstandverzekering? - Lancyr,,21,76,594,67
missing h1,existing,1,,https://www.lancyr.nl/faq/wie-is-nederlands-volmacht-bedrijf/,https://www.lancyr.nl/faq/,,200,0.48963809010000003,Wie is Het Nederlands Volmachtbedrijf? - Lancyr,,21,61,430,47
missing h1,existing,1,,https://www.lancyr.nl/juridisch/,https://www.lancyr.nl/over-ons/,,200,0.4923570156,Juridisch - Lancyr,,21,32,156,18
missing h1,existing,1,,https://www.lancyr.nl/klantenservice/aanvraag-faq/,https://www.lancyr.nl/faq/,,200,0.521173954,Veel gestelde vragen: Je aanvraag - Lancyr,,21,50,383,42
missing h1,existing,1,,https://www.lancyr.nl/klantenservice/adres-wijzigen/,https://www.lancyr.nl/klantenservice/,,200,0.5403659344,Adres wijzigen - Lancyr,,21,52,205,23
missing h1,existing,1,,https://www.lancyr.nl/klantenservice/andere-wijziging-verzekering/,https://www.lancyr.nl/klantenservice/,,200,0.5189430714000001,Andere wijziging verzekering - Lancyr,,21,66,331,37
missing h1,existing,1,,https://www.lancyr.nl/klantenservice/dekking-wijzigen/,https://www.lancyr.nl/klantenservice/,,200,0.5420889854000001,Dekking wijzigen - Lancyr,,21,54,224,25
missing h1,existing,1,,https://www.lancyr.nl/klantenservice/e-mail-wijzigen/,https://www.lancyr.nl/klantenservice/,,200,0.5246529579,E-mail wijzigen - Lancyr,,21,53,209,24
missing h1,existing,1,,https://www.lancyr.nl/klantenservice/gezinssamenstelling-wijzigen/,https://www.lancyr.nl/klantenservice/,,200,0.5140068531,Gezinssamenstelling wijzigen - Lancyr,,21,66,340,37
missing h1,existing,1,,https://www.lancyr.nl/klantenservice/kenteken-wisselen/,https://www.lancyr.nl/klantenservice/,,200,0.5350010395,Kenteken wisselen - Lancyr,,21,55,243,26
missing h1,existing,1,,https://www.lancyr.nl/klantenservice/klachten-procedure/,https://www.lancyr.nl/klantenservice/,,200,0.49053287510000004,Klachten procedure - Lancyr,,21,56,249,27
missing h1,existing,1,,https://www.lancyr.nl/klantenservice/mobiel-wijzigen/,https://www.lancyr.nl/klantenservice/,,200,0.5213720798,Mobiel wijzigen - Lancyr,,21,53,213,24
missing h1,existing,1,,https://www.lancyr.nl/klantenservice/overlijden-melden/,https://www.lancyr.nl/klantenservice/,,200,0.5238151550000001,Overlijden melden - Lancyr,,21,55,237,26
missing h1,existing,1,,https://www.lancyr.nl/klantenservice/premie-faq/,https://www.lancyr.nl/klantenservice/,,200,0.6342902184,Veel gestelde vragen: premie - Lancyr,,21,48,336,37
missing h1,existing,1,,https://www.lancyr.nl/klantenservice/rekeningnummer-wijzigen/,https://www.lancyr.nl/klantenservice/,,200,0.5284409523,Rekeningnummer wijzigen - Lancyr,,21,61,311,32
missing h1,existing,1,,https://www.lancyr.nl/klantenservice/vraag-stellen/,https://www.lancyr.nl/klantenservice/,,200,0.5894188881,Vraag stellen - Lancyr,,21,51,193,22
missing h1,existing,1,,https://www.lancyr.nl/klantenservice/wijzigen-faq/,https://www.lancyr.nl/faq/,,200,0.5402739048,Veel gestelde vragen: wijzigen - Lancyr,,21,50,346,39
missing h1,existing,1,,https://www.lancyr.nl/nieuws/omzetting-nn-naar-lancyr-rechtsbijstandverzekering/,https://www.lancyr.nl/nieuws/,,200,0.48826479910000004,Omzetting NN naar Lancyr Rechtsbijstandverzekering - Lancyr,,21,80,552,59
missing h1,existing,1,,https://www.lancyr.nl/over-ons/historie-lancyr/,https://www.lancyr.nl/over-ons/,,200,0.6813387871000001,Historie Lancyr - Lancyr,,21,47,209,24
missing h1,existing,1,,https://www.lancyr.nl/over-ons/vestigingen/,https://www.lancyr.nl/klantenservice/,,200,0.6294760704,vestigingen - Lancyr,,21,43,178,20
missing h1,existing,1,,https://www.lancyr.nl/over-ons/vestigingen/lancyr-verzekeringen/,https://www.lancyr.nl/klantenservice/,,200,0.4895219803,Lancyr verzekeringen - Lancyr,,21,64,265,29
missing h1,existing,1,,https://www.lancyr.nl/prive/autoverzekering/faq/,https://www.lancyr.nl/prive/autoverzekering/,,200,0.5584070683,Veel gestelde vragen: Auto Privé - Lancyr,,21,48,366,41
missing h1,existing,1,,https://www.lancyr.nl/prive/autoverzekering/no-claim-beschermer/,https://www.lancyr.nl/prive/autoverzekering/,,200,0.5101630688000001,No-claim beschermer - Lancyr,,21,64,267,28
missing h1,existing,1,,https://www.lancyr.nl/prive/autoverzekering/rechtsbijstand-verkeer/,https://www.lancyr.nl/prive/autoverzekering/,,200,0.5179870129,Rechtsbijstand dekking verkeer - Lancyr,,21,67,353,39
missing h1,existing,1,,https://www.lancyr.nl/prive/autoverzekering/schadevrije-jaren/,https://www.lancyr.nl/schade-melden/,,200,0.5130529404,Schadevrije jaren - Lancyr,"Schadevrije jaren hebben invloed op de premie van je autoverzekering. Je bouwt ze op wanneer je een auto en autoverzekering op jouw naam hebt staan. Hier lees je alles wat je moet weten over schadevrije jaren, hoe je ze opbouwt en wat je ermee kunt doen.",21,62,229,26
missing h1,existing,1,,https://www.lancyr.nl/prive/autoverzekering/tweede-autoverzekering/,https://www.lancyr.nl/prive/,,200,0.5048739910000001,Tweede autoverzekering - Lancyr,Met de Tweede Gezinsauto Regeling van Lancyr maak je het makkelijker én voordeliger. Je profiteert namelijk op je tweede auto van dezelfde no-claimkorting als op je eerste auto. Dat kan oplopen tot wel 80% korting op de premie!,21,67,295,31
missing h1,existing,1,,https://www.lancyr.nl/prive/bootverzekering/,https://www.lancyr.nl/prive/,,200,0.5140149593000001,Bootverzekering - Lancyr,,21,44,220,24
missing h1,existing,1,,https://www.lancyr.nl/prive/caravanverzekering/,https://www.lancyr.nl/prive/,,200,0.5047068596000001,Caravanverzekering - Lancyr,,21,47,253,27
missing h1,existing,1,,https://www.lancyr.nl/prive/motorverzekering/,https://www.lancyr.nl/prive/,,200,0.4998369217,Motorverzekering - Lancyr,,21,45,232,25
missing h1,existing,1,,https://www.lancyr.nl/prive/ongevallenverzekering/,https://www.lancyr.nl/prive/,,200,0.5128440857000001,Ongevallenverzekering - Lancyr,,21,50,279,30
missing h1,existing,1,,https://www.lancyr.nl/prive/pakket/,https://www.lancyr.nl/prive/,,200,0.5004038811,Pakket - Lancyr,"Wil je al je verzekeringen overzichtelijk bundelen én besparen op je premie? Met het A t/m Z Pakket Privé regel je alles in één keer, zonder gedoe. Hoe meer verzekeringen je toevoegt, hoe hoger je korting – tot wel 15%!",21,35,137,15
missing h1,existing,1,,https://www.lancyr.nl/prive/rechtsbijstandverzekering/faq/,https://www.lancyr.nl/faq/,,200,0.5458090305000001,Veel gestelde vragen: Rechtsbijstand Privé - Lancyr,,21,58,456,51
missing h1,existing,1,,https://www.lancyr.nl/prive/rechtsbijstandverzekering/modules/,https://www.lancyr.nl/prive/rechtsbijstandverzekering/,,200,0.49981999400000005,Modules van de Lancyr rechtsbijstandverzekering - Lancyr,,21,62,515,56
missing h1,existing,1,,https://www.lancyr.nl/prive/scooterverzekering/,https://www.lancyr.nl/prive/,,200,0.5137429237,Scooterverzekering - Lancyr,Heb je een scooter of bromfiets die niet harder gaat dan 45 km/u (gele of blauwe kentekenplaat)? Voor elk motorvoertuig moet je minimaal een WA-verzekering afsluiten. Dat is wettelijk verplicht om ermee te mogen rijden.,21,47,248,27
missing h1,existing,1,,https://www.lancyr.nl/prive/services/,https://www.lancyr.nl/prive/,,200,0.4891960621,Services - Lancyr,,21,37,151,17
missing h1,existing,1,,https://www.lancyr.nl/prive/services/financieel-advies/,https://www.lancyr.nl/over-ons/,,200,0.4897220135,Financieel advies - Lancyr,"Financieel advies voor je verzekeringen, hypotheken of als ZZP'er: als je hulp nodig hebt bij het maken van de juiste financiële beslissingen",21,55,229,26
missing h1,existing,1,,https://www.lancyr.nl/prive/services/juridische-helpdesk/,https://www.lancyr.nl/prive/autoverzekering/,,200,0.6127390862000001,Juridische Helpdesk - Lancyr,,21,57,255,28
missing h1,existing,1,,https://www.lancyr.nl/prive/services/rechtshulp-on-demand/,https://www.lancyr.nl/prive/,,200,0.4792249203,Rechtshulp on demand - Lancyr,"Heb je geen rechtsbijstandverzekering of valt je conflict buiten de dekking? Met Lancyr Rechtshulp On Demand krijg je juridische hulp zonder verzekering of abonnement. Je betaalt alleen voor de ondersteuning die je nodig hebt, tegen een vast tarief.",21,58,279,29
missing h1,existing,1,,https://www.lancyr.nl/prive/woonverzekering/opstalverzekering/,https://www.lancyr.nl/prive/woonverzekering/,,200,0.5079281330000001,Opstalverzekering - Lancyr,,21,62,237,26
missing h1,existing,1,,https://www.lancyr.nl/schade-melden/eenzijdig-schade-melden/,https://www.lancyr.nl/schade-melden/,,200,0.637750864,Eenzijdig schade melden - Lancyr,,21,60,296,32
missing h1,existing,1,,https://www.lancyr.nl/schade-melden/faq/,https://www.lancyr.nl/schade-melden/,,200,0.6623291969,Veel gestelde vragen: schade - Lancyr,,21,40,337,37
missing h1,existing,1,,https://www.lancyr.nl/schade-melden/herstelnetwerk-auto/,https://www.lancyr.nl/schade-melden/,,200,0.4985761642,Herstelnetwerk auto - Lancyr,,21,56,257,28
missing h1,existing,1,,https://www.lancyr.nl/schade-melden/hulp-bij-schade-reis/,https://www.lancyr.nl/schade-melden/,,200,0.5018601418,Hulp bij schade reis - Lancyr,,21,57,249,29
missing h1,existing,1,,https://www.lancyr.nl/schade-melden/ruitschade/,https://www.lancyr.nl/schade-melden/,,200,0.5117919445,Ruitschade - Lancyr,,21,47,174,19
missing h1,existing,1,,https://www.lancyr.nl/schade-melden/tweezijdig-schade-melden/,https://www.lancyr.nl/schade-melden/,,200,0.5044350624,Tweezijdig schade melden - Lancyr,,21,61,312,33
missing h1,existing,1,,https://www.lancyr.nl/zzp/bestelautoverzekering/,https://www.lancyr.nl/zzp/,,200,0.6340310574,Bestelautoverzekering - Lancyr,Wil je je bestelauto goed én voordelig verzekeren? Bij Lancyr regel je het snel en eenvoudig. Neem contact op met onze verzekeringsexperts voor een premievoorstel voor jouw bestelauto verzekering.,21,48,275,30
missing h1,existing,1,,https://www.lancyr.nl/zzp/services/,https://www.lancyr.nl/zzp/,,200,0.4821510315,Services - Lancyr,,21,35,151,17
missing h1,existing,1,,https://www.lancyr.nl/zzp/services/zakelijk-financieel-advies/,https://www.lancyr.nl/zzp/,,200,0.49912905690000003,Zakelijk Financieel Advies - Lancyr,,21,62,305,35
title too long,existing,1,,https://www.lancyr.nl/blog/goed-verzekerd-als-ziek-word-als-baan-verlies/,https://www.lancyr.nl/blog/,,200,0.49857711790000003,"Ben ik goed verzekerd als ik arbeidsongeschikt word, of mijn baan verlies? - Lancyr",,21,73,742,83
title too long,existing,1,,https://www.lancyr.nl/faq/hoe-vaak-mag-ik-gebruikmaken-van-mijn-rechtsbijstandverzekering/,https://www.lancyr.nl/faq/,,200,0.4960589409,Hoe vaak mag ik gebruikmaken van mijn rechtsbijstandverzekering? - Lancyr,,21,90,681,73
title too long,existing,1,,https://www.lancyr.nl/faq/leaseverklaring-schadevrije-jaren/,https://www.lancyr.nl/prive/autoverzekering/,,200,0.49304986,Kan ik een leaseverklaring gebruiken als bewijs van schadevrij rijden? - Lancyr,,21,60,692,79
title too long,existing,1,,https://www.lancyr.nl/faq/mobiel-schade-melden/,https://www.lancyr.nl/faq/,,200,0.4941790104,Hoe werkt mobielschademelden.nl bij het melden van autoschade? - Lancyr,,21,47,671,71
title too long,existing,1,,https://www.lancyr.nl/faq/politie-en-aangifte/,https://www.lancyr.nl/schade-melden/,,200,0.5103042126,Schade aan je auto: wanneer politie inschakelen en wanneer aangifte doen? - Lancyr,,21,46,749,82
title too long,existing,1,,https://www.lancyr.nl/faq/waar-vind-ik-groene-kaart/,https://www.lancyr.nl/prive/autoverzekering/,,200,0.4860451221,Waar is mijn groene kaart / internationaal verzekeringsbewijs van Lancyr? - Lancyr,,21,52,732,82
title too long,existing,1,,https://www.lancyr.nl/faq/wanneer-rechtsbijstandverzekering-verkeer-nodig/,https://www.lancyr.nl/faq/,,200,0.4966170788,Wanneer heb ik een rechtsbijstandverzekering verkeer nodig? - Lancyr,"Heb je een rechtsbijstandverzekering verkeer nodig? Voorkom dubbele verzekeringen, check of je al gedekt bent.",21,74,622,68
title too long,existing,1,,https://www.lancyr.nl/faq/wat-wie-waarom-regelmatig-bestuurder/,https://www.lancyr.nl/faq/,,200,0.5527441502,"Wat is een regelmatig bestuurder, wie zijn het en waarom moet ik die melden aan mijn autoverzekering? - Lancyr",,21,63,1014,110
title too long,existing,1,,https://www.lancyr.nl/vacatures/schadebehandelaar-automotive/,https://www.lancyr.nl/vacatures/,,200,0.5030360222,Medior / senior schadebehandelaar en coachend automotive particulier - Lancyr,,21,61,710,77
missing description,existing,1,,https://verzekeringspakket.lancyr.nl/hoe-vergelijken-wij/,https://verzekeringspakket.lancyr.nl/,,200,0.32003498080000004,Hoe vergelijken wij? - A t/m Z verzekeringspakket,,21,57,440,49
missing description,existing,1,,https://verzekeringspakket.lancyr.nl/privacy/,https://verzekeringspakket.lancyr.nl/,,200,0.33423399930000003,Privacy - A t/m Z verzekeringspakket,,21,45,328,36
missing description,existing,1,,https://www.lancyr.nl/faq/auto-uitlenen-en-schade/,https://www.lancyr.nl/prive/autoverzekering/faq/,,200,0.5025830269,Auto uitlenen: hoe zit het met schade en verzekering? - Lancyr,,21,50,553,62
missing description,existing,1,,https://www.lancyr.nl/faq/hoe-adres-wijzigen/,https://www.lancyr.nl/klantenservice/wijzigen-faq/,,200,0.4901969433,Hoe kan ik mijn adres wijzigen? - Lancyr,,21,45,354,40
missing description,existing,1,,https://www.lancyr.nl/faq/hoe-rekeningnummer-wijzigen/,https://www.lancyr.nl/klantenservice/wijzigen-faq/,,200,0.5172848701,Hoe kan ik mijn rekeningnummer wijzigen? - Lancyr,,21,54,457,49
missing description,existing,1,,https://www.lancyr.nl/faq/hond-hete-auto/,https://www.lancyr.nl/prive/autoverzekering/faq/,,200,0.47497200970000003,Mag je een hond uit een hete auto bevrijden? - Lancyr,,21,41,474,53
missing description,existing,1,,https://www.lancyr.nl/faq/moet-ik-pechhulp-meeverzekeren/,https://www.lancyr.nl/prive/autoverzekering/faq/,,200,0.48597717290000003,Wanneer moet ik pechhulp meeverzekeren bij de auto? - Lancyr,,21,57,564,60
missing description,existing,1,,https://www.lancyr.nl/faq/rechtsbijstand-verkeer-los-of-niet/,https://www.lancyr.nl/prive/rechtsbijstandverzekering/faq/,,200,0.47963094710000004,Wat is het verschil tussen rechtsbijstand bij de autoverzekering en als losse verzekering voor verkeer? - Lancyr,,21,61,982,112
missing description,existing,1,,https://www.lancyr.nl/faq/voetganger-of-fietser-aangereden/,https://www.lancyr.nl/prive/autoverzekering/faq/,,200,0.4862401485,Wat moet je doen als je een fietser of voetganger aanrijdt met je auto? - Lancyr,,21,59,704,80
missing description,existing,1,,https://www.lancyr.nl/faq/waar-vind-ik-het-europees-schadeformulier/,https://www.lancyr.nl/schade-melden/faq/,,200,0.4833278656,Waar download ik het Europees Schadeformulier voor aanrijdingen? - Lancyr,,21,68,676,73
missing description,existing,1,,https://www.lancyr.nl/faq/wanneer-mag-aanspraak-maken-op-rechtsbijstandverzekering/,https://www.lancyr.nl/prive/rechtsbijstandverzekering/faq/,,200,0.4920928478,Wanneer mag ik aanspraak maken op mijn rechtsbijstandverzekering? - Lancyr,,21,83,700,74
missing description,existing,1,,https://www.lancyr.nl/faq/wat-is-mededelingsplicht/,https://www.lancyr.nl/schade-melden/faq/,,200,0.49319505690000004,Wat is mijn mededelingsplicht bij het aanvragen van een verzekering? - Lancyr,,21,51,696,77
missing description,existing,1,,https://www.lancyr.nl/faq/wat-is-status-aanvraag/,https://www.lancyr.nl/klantenservice/wijzigen-faq/,,200,0.4797158241,"Wat is de status van mijn aanvraag, wijziging of opzegging? - Lancyr",,21,49,614,68
missing description,existing,1,,https://www.lancyr.nl/faq/wat-is-wet-affectieschade/,https://www.lancyr.nl/schade-melden/faq/,,200,0.4939908981,Wat is de Wet Affectieschade en hoe werkt het? - Lancyr,,21,52,502,55
missing description,existing,1,,https://www.lancyr.nl/faq/wie-is-meeverzekerd-op-rechtsbijstandverzekering/,https://www.lancyr.nl/prive/rechtsbijstandverzekering/faq/,,200,0.6857638359,Wie is meeverzekerd op mijn rechtsbijstandverzekering? - Lancyr,,21,75,578,63
missing description,existing,1,,https://www.lancyr.nl/groesbeek/,https://www.lancyr.nl/groesbeek,,200,0.4971818924,Groesbeek - Lancyr,,21,32,171,18
missing description,existing,1,,https://www.lancyr.nl/juridisch/cookiebeleid/,https://www.lancyr.nl/juridisch/,,200,0.5164830685,Cookiebeleid - Lancyr,,21,45,190,21
missing description,existing,1,,https://www.lancyr.nl/klantenservice/tweede-auto-offerte/,https://www.lancyr.nl/prive/autoverzekering/tweede-autoverzekering/,,200,0.5262300968,Tweede auto offerte - Lancyr,,21,57,257,28
missing description,existing,1,,https://www.lancyr.nl/prive/autoverzekering/faq/?query-11-page=2,https://www.lancyr.nl/prive/autoverzekering/faq/,,200,0.5615448952000001,Veel gestelde vragen: Auto Privé - Lancyr,,21,64,366,41
missing description,existing,1,,https://www.lancyr.nl/schade-melden/faq/?query-11-page=2,https://www.lancyr.nl/schade-melden/faq/,,200,0.5280740261,Veel gestelde vragen: schade - Lancyr,,21,56,337,37
missing description,existing,1,,https://www.lancyr.nl/soest/,https://www.lancyr.nl/soest,,200,0.4925439358,Soest - Lancyr,,21,28,126,14
missing h1,existing,1,,https://verzekeringspakket.lancyr.nl/privacy/,https://verzekeringspakket.lancyr.nl/,,200,0.33423399930000003,Privacy - A t/m Z verzekeringspakket,,21,45,328,36
missing h1,existing,1,,https://www.lancyr.nl/faq/auto-uitlenen-en-schade/,https://www.lancyr.nl/prive/autoverzekering/faq/,,200,0.5025830269,Auto uitlenen: hoe zit het met schade en verzekering? - Lancyr,,21,50,553,62
missing h1,existing,1,,https://www.lancyr.nl/faq/hoe-adres-wijzigen/,https://www.lancyr.nl/klantenservice/wijzigen-faq/,,200,0.4901969433,Hoe kan ik mijn adres wijzigen? - Lancyr,,21,45,354,40
missing h1,existing,1,,https://www.lancyr.nl/faq/hoe-rekeningnummer-wijzigen/,https://www.lancyr.nl/klantenservice/wijzigen-faq/,,200,0.5172848701,Hoe kan ik mijn rekeningnummer wijzigen? - Lancyr,,21,54,457,49
missing h1,existing,1,,https://www.lancyr.nl/faq/hond-hete-auto/,https://www.lancyr.nl/prive/autoverzekering/faq/,,200,0.47497200970000003,Mag je een hond uit een hete auto bevrijden? - Lancyr,,21,41,474,53
missing h1,existing,1,,https://www.lancyr.nl/faq/moet-ik-pechhulp-meeverzekeren/,https://www.lancyr.nl/prive/autoverzekering/faq/,,200,0.48597717290000003,Wanneer moet ik pechhulp meeverzekeren bij de auto? - Lancyr,,21,57,564,60
missing h1,existing,1,,https://www.lancyr.nl/faq/rechtsbijstand-verkeer-los-of-niet/,https://www.lancyr.nl/prive/rechtsbijstandverzekering/faq/,,200,0.47963094710000004,Wat is het verschil tussen rechtsbijstand bij de autoverzekering en als losse verzekering voor verkeer? - Lancyr,,21,61,982,112
missing h1,existing,1,,https://www.lancyr.nl/faq/voetganger-of-fietser-aangereden/,https://www.lancyr.nl/prive/autoverzekering/faq/,,200,0.4862401485,Wat moet je doen als je een fietser of voetganger aanrijdt met je auto? - Lancyr,,21,59,704,80
missing h1,existing,1,,https://www.lancyr.nl/faq/waar-vind-ik-het-europees-schadeformulier/,https://www.lancyr.nl/schade-melden/faq/,,200,0.4833278656,Waar download ik het Europees Schadeformulier voor aanrijdingen? - Lancyr,,21,68,676,73
missing h1,existing,1,,https://www.lancyr.nl/faq/wanneer-mag-aanspraak-maken-op-rechtsbijstandverzekering/,https://www.lancyr.nl/prive/rechtsbijstandverzekering/faq/,,200,0.4920928478,Wanneer mag ik aanspraak maken op mijn rechtsbijstandverzekering? - Lancyr,,21,83,700,74
missing h1,existing,1,,https://www.lancyr.nl/faq/wat-is-mededelingsplicht/,https://www.lancyr.nl/schade-melden/faq/,,200,0.49319505690000004,Wat is mijn mededelingsplicht bij het aanvragen van een verzekering? - Lancyr,,21,51,696,77
missing h1,existing,1,,https://www.lancyr.nl/faq/wat-is-status-aanvraag/,https://www.lancyr.nl/klantenservice/wijzigen-faq/,,200,0.4797158241,"Wat is de status van mijn aanvraag, wijziging of opzegging? - Lancyr",,21,49,614,68
missing h1,existing,1,,https://www.lancyr.nl/faq/wat-is-wet-affectieschade/,https://www.lancyr.nl/schade-melden/faq/,,200,0.4939908981,Wat is de Wet Affectieschade en hoe werkt het? - Lancyr,,21,52,502,55
missing h1,existing,1,,https://www.lancyr.nl/faq/wie-is-meeverzekerd-op-rechtsbijstandverzekering/,https://www.lancyr.nl/prive/rechtsbijstandverzekering/faq/,,200,0.6857638359,Wie is meeverzekerd op mijn rechtsbijstandverzekering? - Lancyr,,21,75,578,63
missing h1,existing,1,,https://www.lancyr.nl/groesbeek/,https://www.lancyr.nl/groesbeek,,200,0.4971818924,Groesbeek - Lancyr,,21,32,171,18
missing h1,existing,1,,https://www.lancyr.nl/juridisch/cookiebeleid/,https://www.lancyr.nl/juridisch/,,200,0.5164830685,Cookiebeleid - Lancyr,,21,45,190,21
missing h1,existing,1,,https://www.lancyr.nl/klantenservice/tweede-auto-offerte/,https://www.lancyr.nl/prive/autoverzekering/tweede-autoverzekering/,,200,0.5262300968,Tweede auto offerte - Lancyr,,21,57,257,28
missing h1,existing,1,,https://www.lancyr.nl/prive/autoverzekering/faq/?query-11-page=2,https://www.lancyr.nl/prive/autoverzekering/faq/,,200,0.5615448952000001,Veel gestelde vragen: Auto Privé - Lancyr,,21,64,366,41
missing h1,existing,1,,https://www.lancyr.nl/prive/autoverzekering/groene-kaart/,https://www.lancyr.nl/faq/waar-vind-ik-groene-kaart/,,200,0.5099499226,Groene kaart - het internationaal verzekeringsbewijs motorrijtuigen - Lancyr,"Als je met de auto naar het buitenland reist, is het belangrijk dat je verzekerd bent en dat je kunt aantonen dat je verzekering geldig is. Het internationaal verzekeringsbewijs, beter bekend als de groene kaart, helpt je hierbij.",21,57,673,76
missing h1,existing,1,,https://www.lancyr.nl/prive/services/spoedservice-wonen/,https://www.lancyr.nl/prive/spoedservice-wonen/,,200,0.48325800900000004,Spoedservice wonen - Lancyr,Lancyr spoedservice wonen: snel een betrouwbare vakman bij jou in de buurt. Heb je een noodgeval in of om je huis? Met Lancyr Spoedservice wonen brengen we je in contact met een betrouwbare hulp tegen redelijke prijs.,21,56,259,27
missing h1,existing,1,,https://www.lancyr.nl/schade-melden/faq/?query-11-page=2,https://www.lancyr.nl/schade-melden/faq/,,200,0.5280740261,Veel gestelde vragen: schade - Lancyr,,21,56,337,37
missing h1,existing,1,,https://www.lancyr.nl/soest/,https://www.lancyr.nl/soest,,200,0.4925439358,Soest - Lancyr,,21,28,126,14
title too long,existing,1,,https://www.lancyr.nl/faq/rechtsbijstand-verkeer-los-of-niet/,https://www.lancyr.nl/prive/rechtsbijstandverzekering/faq/,,200,0.47963094710000004,Wat is het verschil tussen rechtsbijstand bij de autoverzekering en als losse verzekering voor verkeer? - Lancyr,,21,61,982,112
title too long,existing,1,,https://www.lancyr.nl/faq/voetganger-of-fietser-aangereden/,https://www.lancyr.nl/prive/autoverzekering/faq/,,200,0.4862401485,Wat moet je doen als je een fietser of voetganger aanrijdt met je auto? - Lancyr,,21,59,704,80
title too long,existing,1,,https://www.lancyr.nl/faq/waar-vind-ik-het-europees-schadeformulier/,https://www.lancyr.nl/schade-melden/faq/,,200,0.4833278656,Waar download ik het Europees Schadeformulier voor aanrijdingen? - Lancyr,,21,68,676,73
title too long,existing,1,,https://www.lancyr.nl/faq/wanneer-mag-aanspraak-maken-op-rechtsbijstandverzekering/,https://www.lancyr.nl/prive/rechtsbijstandverzekering/faq/,,200,0.4920928478,Wanneer mag ik aanspraak maken op mijn rechtsbijstandverzekering? - Lancyr,,21,83,700,74
title too long,existing,1,,https://www.lancyr.nl/faq/wat-is-mededelingsplicht/,https://www.lancyr.nl/schade-melden/faq/,,200,0.49319505690000004,Wat is mijn mededelingsplicht bij het aanvragen van een verzekering? - Lancyr,,21,51,696,77
title too long,existing,1,,https://www.lancyr.nl/faq/wat-is-status-aanvraag/,https://www.lancyr.nl/klantenservice/wijzigen-faq/,,200,0.4797158241,"Wat is de status van mijn aanvraag, wijziging of opzegging? - Lancyr",,21,49,614,68
title too long,existing,1,,https://www.lancyr.nl/prive/autoverzekering/groene-kaart/,https://www.lancyr.nl/faq/waar-vind-ik-groene-kaart/,,200,0.5099499226,Groene kaart - het internationaal verzekeringsbewijs motorrijtuigen - Lancyr,"Als je met de auto naar het buitenland reist, is het belangrijk dat je verzekerd bent en dat je kunt aantonen dat je verzekering geldig is. Het internationaal verzekeringsbewijs, beter bekend als de groene kaart, helpt je hierbij.",21,57,673,76
missing description,existing,1,,https://verzekeringspakket.lancyr.nl/cookies/,https://verzekeringspakket.lancyr.nl/cookies,,200,0.4112811089,Cookies - A t/m Z verzekeringspakket,,21,45,334,36
missing description,existing,1,,https://www.lancyr.nl/faq/hoe-werkt-bonus-malus-ladder/,https://www.lancyr.nl/prive/autoverzekering/faq/?query-11-page=2,,200,0.7163629532,Hoe werkt de bonus-malusladder? - Lancyr,,21,55,378,40
missing description,existing,1,,https://www.lancyr.nl/faq/hoeveel-schadevrije-jaren-heb-ik/,https://www.lancyr.nl/prive/autoverzekering/faq/?query-11-page=2,,200,0.4937870502,Hoe weet ik hoeveel schadevrije jaren ik heb? - Lancyr,,21,59,479,54
missing description,existing,1,,https://www.lancyr.nl/faq/huurauto-verzekeren/,https://www.lancyr.nl/schade-melden/faq/?query-11-page=2,,200,3.1044380665,Moet ik een huurauto of scooter extra verzekeren? - Lancyr,,21,46,523,58
missing description,existing,1,,https://www.lancyr.nl/faq/is-inzittendenverzekering-nodig/,https://www.lancyr.nl/prive/autoverzekering/faq/?query-11-page=2,,200,0.8947291374,Wat is een inzittendenverzekering en waarom is deze belangrijk? - Lancyr,,21,58,652,72
missing description,existing,1,,https://www.lancyr.nl/faq/is-wa-dekking-verplicht/,https://www.lancyr.nl/prive/autoverzekering/faq/?query-11-page=2,,200,0.48615098,Is WA dekking voor de auto verplicht? - Lancyr,,21,50,407,46
missing description,existing,1,,https://www.lancyr.nl/faq/schadevrije-jaren-overdragen/,https://www.lancyr.nl/prive/autoverzekering/faq/?query-11-page=2,,200,0.4969620705,Kun je schadevrije jaren overdragen op een ander persoon? - Lancyr,,21,55,601,66
missing description,existing,1,,https://www.lancyr.nl/faq/voordeel-tweede-gezinsauto-regeling/,https://www.lancyr.nl/prive/autoverzekering/faq/?query-11-page=2,,200,0.4832880497,Wat is het voordeel van een tweede gezinsauto regeling? - Lancyr,,21,62,582,64
missing description,existing,1,,https://www.lancyr.nl/faq/wat-is-no-claim-beschermer/,https://www.lancyr.nl/prive/autoverzekering/faq/?query-11-page=2,,200,0.4942951202,Wat is een no-claimbeschermer? - Lancyr,,21,53,367,39
missing description,existing,1,,https://www.lancyr.nl/faq/zijn-accessoires-meeverzekerd/,https://www.lancyr.nl/prive/autoverzekering/faq/?query-11-page=2,,200,0.4759471416,Zijn accessoires van mijn auto meeverzekerd met mijn autoverzekering? - Lancyr,,21,56,721,78
missing description,existing,1,,https://www.lancyr.nl/prive/autoverzekering/faq/?cst,https://www.lancyr.nl/prive/autoverzekering/faq/?query-11-page=2,,200,0.7214450836,Veel gestelde vragen: Auto Privé - Lancyr,,21,52,366,41
missing description,existing,1,,https://www.lancyr.nl/prive/autoverzekering/faq/?query-11-page=1,https://www.lancyr.nl/prive/autoverzekering/faq/?query-11-page=2,,200,0.5564830303,Veel gestelde vragen: Auto Privé - Lancyr,,21,64,366,41
missing description,existing,1,,https://www.lancyr.nl/prive/autoverzekering/pechhulp/,https://www.lancyr.nl/faq/moet-ik-pechhulp-meeverzekeren/,,200,0.5024249554,Pechhulp - Lancyr,,21,53,158,17
missing description,existing,1,,https://www.lancyr.nl/schade-melden/faq/?cst,https://www.lancyr.nl/schade-melden/faq/?query-11-page=2,,200,1.1140520573,Veel gestelde vragen: schade - Lancyr,,21,44,337,37
missing description,existing,1,,https://www.lancyr.nl/schade-melden/faq/?query-11-page=1,https://www.lancyr.nl/schade-melden/faq/?query-11-page=2,,200,2.1066229343,Veel gestelde vragen: schade - Lancyr,,21,56,337,37
missing h1,existing,1,,https://verzekeringspakket.lancyr.nl/cookies/,https://verzekeringspakket.lancyr.nl/cookies,,200,0.4112811089,Cookies - A t/m Z verzekeringspakket,,21,45,334,36
missing h1,existing,1,,https://www.lancyr.nl/faq/hoe-werkt-bonus-malus-ladder/,https://www.lancyr.nl/prive/autoverzekering/faq/?query-11-page=2,,200,0.7163629532,Hoe werkt de bonus-malusladder? - Lancyr,,21,55,378,40
missing h1,existing,1,,https://www.lancyr.nl/faq/hoeveel-schadevrije-jaren-heb-ik/,https://www.lancyr.nl/prive/autoverzekering/faq/?query-11-page=2,,200,0.4937870502,Hoe weet ik hoeveel schadevrije jaren ik heb? - Lancyr,,21,59,479,54
missing h1,existing,1,,https://www.lancyr.nl/faq/huurauto-verzekeren/,https://www.lancyr.nl/schade-melden/faq/?query-11-page=2,,200,3.1044380665,Moet ik een huurauto of scooter extra verzekeren? - Lancyr,,21,46,523,58
missing h1,existing,1,,https://www.lancyr.nl/faq/is-inzittendenverzekering-nodig/,https://www.lancyr.nl/prive/autoverzekering/faq/?query-11-page=2,,200,0.8947291374,Wat is een inzittendenverzekering en waarom is deze belangrijk? - Lancyr,,21,58,652,72
missing h1,existing,1,,https://www.lancyr.nl/faq/is-wa-dekking-verplicht/,https://www.lancyr.nl/prive/autoverzekering/faq/?query-11-page=2,,200,0.48615098,Is WA dekking voor de auto verplicht? - Lancyr,,21,50,407,46
missing h1,existing,1,,https://www.lancyr.nl/faq/schadevrije-jaren-overdragen/,https://www.lancyr.nl/prive/autoverzekering/faq/?query-11-page=2,,200,0.4969620705,Kun je schadevrije jaren overdragen op een ander persoon? - Lancyr,,21,55,601,66
missing h1,existing,1,,https://www.lancyr.nl/faq/voordeel-tweede-gezinsauto-regeling/,https://www.lancyr.nl/prive/autoverzekering/faq/?query-11-page=2,,200,0.4832880497,Wat is het voordeel van een tweede gezinsauto regeling? - Lancyr,,21,62,582,64
missing h1,existing,1,,https://www.lancyr.nl/faq/wat-is-no-claim-beschermer/,https://www.lancyr.nl/prive/autoverzekering/faq/?query-11-page=2,,200,0.4942951202,Wat is een no-claimbeschermer? - Lancyr,,21,53,367,39
missing h1,existing,1,,https://www.lancyr.nl/faq/zijn-accessoires-meeverzekerd/,https://www.lancyr.nl/prive/autoverzekering/faq/?query-11-page=2,,200,0.4759471416,Zijn accessoires van mijn auto meeverzekerd met mijn autoverzekering? - Lancyr,,21,56,721,78
missing h1,existing,1,,https://www.lancyr.nl/prive/autoverzekering/faq/?cst,https://www.lancyr.nl/prive/autoverzekering/faq/?query-11-page=2,,200,0.7214450836,Veel gestelde vragen: Auto Privé - Lancyr,,21,52,366,41
missing h1,existing,1,,https://www.lancyr.nl/prive/autoverzekering/faq/?query-11-page=1,https://www.lancyr.nl/prive/autoverzekering/faq/?query-11-page=2,,200,0.5564830303,Veel gestelde vragen: Auto Privé - Lancyr,,21,64,366,41
missing h1,existing,1,,https://www.lancyr.nl/prive/autoverzekering/pechhulp/,https://www.lancyr.nl/faq/moet-ik-pechhulp-meeverzekeren/,,200,0.5024249554,Pechhulp - Lancyr,,21,53,158,17
missing h1,existing,1,,https://www.lancyr.nl/schade-melden/faq/?cst,https://www.lancyr.nl/schade-melden/faq/?query-11-page=2,,200,1.1140520573,Veel gestelde vragen: schade - Lancyr,,21,44,337,37
missing h1,existing,1,,https://www.lancyr.nl/schade-melden/faq/?query-11-page=1,https://www.lancyr.nl/schade-melden/faq/?query-11-page=2,,200,2.1066229343,Veel gestelde vragen: schade - Lancyr,,21,56,337,37
title too long,existing,1,,https://www.lancyr.nl/faq/is-inzittendenverzekering-nodig/,https://www.lancyr.nl/prive/autoverzekering/faq/?query-11-page=2,,200,0.8947291374,Wat is een inzittendenverzekering en waarom is deze belangrijk? - Lancyr,,21,58,652,72
title too long,existing,1,,https://www.lancyr.nl/faq/schadevrije-jaren-overdragen/,https://www.lancyr.nl/prive/autoverzekering/faq/?query-11-page=2,,200,0.4969620705,Kun je schadevrije jaren overdragen op een ander persoon? - Lancyr,,21,55,601,66
title too long,existing,1,,https://www.lancyr.nl/faq/zijn-accessoires-meeverzekerd/,https://www.lancyr.nl/prive/autoverzekering/faq/?query-11-page=2,,200,0.4759471416,Zijn accessoires van mijn auto meeverzekerd met mijn autoverzekering? - Lancyr,,21,56,721,78
missing description,existing,1,,https://www.lancyr.nl/prive/autoverzekering/accessoires-dekking/,https://www.lancyr.nl/faq/zijn-accessoires-meeverzekerd/,,200,0.5422677994,Accessoires dekking - Lancyr,,21,64,257,28
missing description,existing,1,,https://www.lancyr.nl/prive/autoverzekering/faq/?cst&query-11-page=2,https://www.lancyr.nl/prive/autoverzekering/faq/?cst,,200,0.5462000370000001,Veel gestelde vragen: Auto Privé - Lancyr,,21,68,366,41
missing description,existing,1,,https://www.lancyr.nl/prive/autoverzekering/faq/?query-11-page=2&cst,https://www.lancyr.nl/prive/autoverzekering/faq/?cst,,200,0.6003818512,Veel gestelde vragen: Auto Privé - Lancyr,,21,68,366,41
missing description,existing,1,,https://www.lancyr.nl/schade-melden/faq/?cst&query-11-page=2,https://www.lancyr.nl/schade-melden/faq/?cst,,200,0.5270500183,Veel gestelde vragen: schade - Lancyr,,21,60,337,37
missing description,existing,1,,https://www.lancyr.nl/schade-melden/faq/?query-11-page=2&cst,https://www.lancyr.nl/schade-melden/faq/?cst,,200,0.5521459579,Veel gestelde vragen: schade - Lancyr,,21,60,337,37
missing h1,existing,1,,https://www.lancyr.nl/prive/autoverzekering/accessoires-dekking/,https://www.lancyr.nl/faq/zijn-accessoires-meeverzekerd/,,200,0.5422677994,Accessoires dekking - Lancyr,,21,64,257,28
missing h1,existing,1,,https://www.lancyr.nl/prive/autoverzekering/faq/?cst&query-11-page=2,https://www.lancyr.nl/prive/autoverzekering/faq/?cst,,200,0.5462000370000001,Veel gestelde vragen: Auto Privé - Lancyr,,21,68,366,41
missing h1,existing,1,,https://www.lancyr.nl/prive/autoverzekering/faq/?query-11-page=2&cst,https://www.lancyr.nl/prive/autoverzekering/faq/?cst,,200,0.6003818512,Veel gestelde vragen: Auto Privé - Lancyr,,21,68,366,41
missing h1,existing,1,,https://www.lancyr.nl/schade-melden/faq/?cst&query-11-page=2,https://www.lancyr.nl/schade-melden/faq/?cst,,200,0.5270500183,Veel gestelde vragen: schade - Lancyr,,21,60,337,37
missing h1,existing,1,,https://www.lancyr.nl/schade-melden/faq/?query-11-page=2&cst,https://www.lancyr.nl/schade-melden/faq/?cst,,200,0.5521459579,Veel gestelde vragen: schade - Lancyr,,21,60,337,37
missing description,existing,1,,https://www.lancyr.nl/prive/autoverzekering/faq/?cst&query-11-page=1,https://www.lancyr.nl/prive/autoverzekering/faq/?cst&query-11-page=2,,200,0.6701588631000001,Veel gestelde vragen: Auto Privé - Lancyr,,21,68,366,41
missing description,existing,1,,https://www.lancyr.nl/prive/autoverzekering/faq/?query-11-page=1&cst,https://www.lancyr.nl/prive/autoverzekering/faq/?query-11-page=2&cst,,200,0.5815470219000001,Veel gestelde vragen: Auto Privé - Lancyr,,21,68,366,41
missing description,existing,1,,https://www.lancyr.nl/schade-melden/faq/?cst&query-11-page=1,https://www.lancyr.nl/schade-melden/faq/?cst&query-11-page=2,,200,0.8033978939,Veel gestelde vragen: schade - Lancyr,,21,60,337,37
missing description,existing,1,,https://www.lancyr.nl/schade-melden/faq/?query-11-page=1&cst,https://www.lancyr.nl/schade-melden/faq/?query-11-page=2&cst,,200,0.79144907,Veel gestelde vragen: schade - Lancyr,,21,60,337,37
missing h1,existing,1,,https://www.lancyr.nl/prive/autoverzekering/faq/?cst&query-11-page=1,https://www.lancyr.nl/prive/autoverzekering/faq/?cst&query-11-page=2,,200,0.6701588631000001,Veel gestelde vragen: Auto Privé - Lancyr,,21,68,366,41
missing h1,existing,1,,https://www.lancyr.nl/prive/autoverzekering/faq/?query-11-page=1&cst,https://www.lancyr.nl/prive/autoverzekering/faq/?query-11-page=2&cst,,200,0.5815470219000001,Veel gestelde vragen: Auto Privé - Lancyr,,21,68,366,41
missing h1,existing,1,,https://www.lancyr.nl/schade-melden/faq/?cst&query-11-page=1,https://www.lancyr.nl/schade-melden/faq/?cst&query-11-page=2,,200,0.8033978939,Veel gestelde vragen: schade - Lancyr,,21,60,337,37
missing h1,existing,1,,https://www.lancyr.nl/schade-melden/faq/?query-11-page=1&cst,https://www.lancyr.nl/schade-melden/faq/?query-11-page=2&cst,,200,0.79144907,Veel gestelde vragen: schade - Lancyr,,21,60,337,37
url too long,existing,1,,https://www.lancyr.nl/prive/autoverzekering/schadeverzekering-voor-inzittenden/,https://www.lancyr.nl/prive/autoverzekering/,,200,0.5024328232,Schadeverzekering inzittenden - Lancyr,,28,79,350,38
url too long,existing,1,,https://www.lancyr.nl/zzp/zakelijke-autoverzekering/auto-prive-of-zakelijk-verzekeren/,https://www.lancyr.nl/,,200,0.4868040085,Auto prive of zakelijk verzekeren - Lancyr,,21,86,365,42
url too long,existing,1,,https://www.lancyr.nl/blog/veilig-rijden-met-storm-sneeuw-mist-en-harde-regen/,https://www.lancyr.nl/blog/,,200,0.6382038593,"Veilig rijden met storm, sneeuw, mist en harde regen - Lancyr",,21,78,565,61
url too long,existing,1,,https://www.lancyr.nl/faq/heeft-lancyr-een-lijst-met-aangesloten-herstellers/,https://www.lancyr.nl/prive/autoverzekering/,,200,0.500895977,Heeft Lancyr een lijst met aangesloten herstellers? - Lancyr,,21,77,529,60
url too long,existing,1,,https://www.lancyr.nl/faq/hoe-vaak-mag-ik-gebruikmaken-van-mijn-rechtsbijstandverzekering/,https://www.lancyr.nl/faq/,,200,0.4960589409,Hoe vaak mag ik gebruikmaken van mijn rechtsbijstandverzekering? - Lancyr,,21,90,681,73
url too long,existing,1,,https://www.lancyr.nl/faq/waar-vind-ik-een-overzicht-van-mijn-verzekeringen/,https://www.lancyr.nl/faq/,,200,0.4975540638,Waar vind ik een overzicht van mijn verzekeringen? - Lancyr,,21,76,530,59
url too long,existing,1,,https://www.lancyr.nl/faq/waarvoor-is-de-service-fee-van-het-a-t-m-z-pakket/,https://www.lancyr.nl/faq/,,200,0.5180430412,Waarvoor is de service fee van het A t/m Z Pakket? - Lancyr,,21,76,531,59
url too long,existing,1,,https://www.lancyr.nl/faq/wat-zijn-externe-kosten-rechtsbijstandverzekering/,https://www.lancyr.nl/faq/,,200,0.503164053,Wat zijn externe kosten bij een rechtsbijstandverzekering? - Lancyr,,21,76,594,67
url too long,existing,1,,https://www.lancyr.nl/nieuws/omzetting-nn-naar-lancyr-rechtsbijstandverzekering/,https://www.lancyr.nl/nieuws/,,200,0.48826479910000004,Omzetting NN naar Lancyr Rechtsbijstandverzekering - Lancyr,,21,80,552,59
url too long,existing,1,,https://www.lancyr.nl/faq/wanneer-mag-aanspraak-maken-op-rechtsbijstandverzekering/,https://www.lancyr.nl/prive/rechtsbijstandverzekering/faq/,,200,0.4920928478,Wanneer mag ik aanspraak maken op mijn rechtsbijstandverzekering? - Lancyr,,21,83,700,74
